loss,accuracy,val_loss,val_accuracy
10.631637573242188,0.15141165256500244,4.960094928741455,0.1823154091835022
3.770505666732788,0.18328779935836792,3.603241443634033,0.18687328696250916
3.2691073417663574,0.20241348445415497,3.32759428024292,0.206016406416893
3.0196101665496826,0.21789617836475372,3.108003616333008,0.22242479026317596
2.8238699436187744,0.2392987310886383,2.94146990776062,0.23336371779441833
2.667722225189209,0.2538706660270691,2.800152063369751,0.2443026453256607
2.531766653060913,0.27299636602401733,2.677934169769287,0.25706472992897034
2.4148125648498535,0.2848360538482666,2.57414174079895,0.2798541486263275
2.3120012283325195,0.2984972596168518,2.4727609157562256,0.2907930612564087
2.219322443008423,0.31443533301353455,2.387406349182129,0.28714677691459656
2.1377391815185547,0.32809653878211975,2.3166379928588867,0.29808568954467773
2.061116933822632,0.34471768140792847,2.2430074214935303,0.3144940733909607
1.9926133155822754,0.35974499583244324,2.1717703342437744,0.323609858751297
1.9316473007202148,0.3713570237159729,2.1151976585388184,0.3345487713813782
1.8730859756469727,0.38319671154022217,2.060187339782715,0.3436645269393921
1.8218441009521484,0.39458104968070984,2.0152814388275146,0.35460346937179565
1.7747652530670166,0.4055100083351135,1.973020315170288,0.35460346937179565
1.7294464111328125,0.41234061121940613,1.928011417388916,0.3728350102901459
1.6883777379989624,0.4241803288459778,1.8912947177886963,0.3828623592853546
1.6502468585968018,0.4341985285282135,1.8548654317855835,0.38650867342948914
1.613648772239685,0.4469490051269531,1.8283441066741943,0.3874202370643616
1.5824971199035645,0.4549180269241333,1.7873046398162842,0.4056517779827118
1.551685094833374,0.4585610330104828,1.7658843994140625,0.41659069061279297
1.523324966430664,0.47040072083473206,1.7340011596679688,0.4320875108242035
1.4977155923843384,0.4783697724342346,1.7053377628326416,0.4348222315311432
1.4718990325927734,0.48747724294662476,1.6780574321746826,0.4329990744590759
1.4480043649673462,0.49476319551467896,1.6553417444229126,0.4384685456752777
1.425909399986267,0.4965847134590149,1.638244390487671,0.4557885229587555
1.405813455581665,0.5097905397415161,1.6126186847686768,0.4585232436656952
1.385719656944275,0.5170764923095703,1.59382963180542,0.4703737497329712
1.3665101528167725,0.5191256999969482,1.5808087587356567,0.47128531336784363
1.3502863645553589,0.5229963660240173,1.560865044593811,0.47128531336784363
1.3328462839126587,0.5286885499954224,1.540276050567627,0.48040109872817993
1.3177369832992554,0.5339252948760986,1.5271393060684204,0.4822242558002472
1.3026909828186035,0.5364298820495605,1.5178180932998657,0.4876936972141266
1.2888332605361938,0.5396174788475037,1.4963277578353882,0.4940747618675232
1.2747589349746704,0.5462204217910767,1.4864253997802734,0.4940747618675232
1.2613786458969116,0.5487249493598938,1.469011902809143,0.5059252381324768
1.248329758644104,0.5516848564147949,1.4682912826538086,0.5059252381324768
1.2374391555786133,0.5573770403862,1.446082592010498,0.5059252381324768
1.225264072418213,0.5653460621833801,1.4377400875091553,0.5168641805648804
1.2142657041549683,0.562841534614563,1.4283078908920288,0.5177757740020752
1.2038393020629883,0.568078339099884,1.4138295650482178,0.5214220881462097
1.1932204961776733,0.5646630525588989,1.4099112749099731,0.5177757740020752
1.1839079856872559,0.5744535326957703,1.3975023031234741,0.5168641805648804
1.1730877161026,0.5769581198692322,1.390213966369629,0.5268915295600891
1.1643589735031128,0.5787795782089233,1.3820825815200806,0.5278031229972839
1.15580153465271,0.5806010961532593,1.3697813749313354,0.5341841578483582
1.1467293500900269,0.5824226140975952,1.3604891300201416,0.5405651926994324
1.1380324363708496,0.5878870487213135,1.3638733625411987,0.5350956916809082
1.1293799877166748,0.5869763493537903,1.3561952114105225,0.5369188785552979
1.121242880821228,0.5919854044914246,1.3432928323745728,0.5460346341133118
1.1138635873794556,0.5926684737205505,1.3327347040176392,0.5515040755271912
1.1056181192398071,0.5956284403800964,1.3269630670547485,0.5533272624015808
1.0987755060195923,0.6004098653793335,1.3187907934188843,0.5542388558387756
1.0906931161880493,0.6010928750038147,1.3184806108474731,0.5533272624015808
1.0842205286026,0.6033697724342346,1.3066262006759644,0.5578851699829102
1.0762873888015747,0.6058743000030518,1.3091187477111816,0.5578851699829102
1.0705732107162476,0.6104280352592468,1.2969298362731934,0.5624430179595947
1.0635615587234497,0.6122495532035828,1.2954601049423218,0.5642662048339844
1.058120846748352,0.6140710115432739,1.2848966121673584,0.5706472396850586
1.0516057014465332,0.6149817705154419,1.284520149230957,0.568824052810669
1.0460470914840698,0.6174863576889038,1.276678442955017,0.5733819603919983
1.0384479761123657,0.619763195514679,1.2753642797470093,0.5615314245223999
1.0334709882736206,0.6204462647438049,1.2746490240097046,0.5706472396850586
1.026806116104126,0.6211293339729309,1.2593274116516113,0.576116681098938
1.020918846130371,0.6270492076873779,1.2586859464645386,0.5779398083686829
1.015946388244629,0.6281875967979431,1.2538743019104004,0.5797629952430725
1.0108931064605713,0.6295537352561951,1.2496466636657715,0.5797629952430725
1.005251169204712,0.6284152865409851,1.2443373203277588,0.5770282745361328
0.9989535212516785,0.6329690217971802,1.2433185577392578,0.5788514018058777
0.9941056966781616,0.6359289884567261,1.239137887954712,0.5770282745361328
0.9893627762794495,0.6361566781997681,1.2369743585586548,0.5870556235313416
0.9852356910705566,0.6379781365394592,1.2376224994659424,0.5797629952430725
0.9796407222747803,0.6425318717956543,1.2329903841018677,0.583409309387207
0.9748241901397705,0.6404827237129211,1.2262545824050903,0.5943482518196106
0.9704508781433105,0.6400273442268372,1.216801643371582,0.5934366583824158
0.965198814868927,0.6438980102539062,1.216103196144104,0.592525064945221
0.9610151052474976,0.6457194685935974,1.216352939605713,0.5888787508010864
0.9560432434082031,0.6475409865379333,1.2053699493408203,0.5934366583824158
0.9523148536682129,0.6491348147392273,1.2060714960098267,0.5916134715080261
0.9469982385635376,0.6509562730789185,1.2026041746139526,0.5888787508010864
0.9424352049827576,0.6545992493629456,1.2074151039123535,0.5952597856521606
0.9388853311538696,0.6539162397384644,1.1961758136749268,0.6043755412101746
0.9336496591567993,0.6557376980781555,1.196686029434204,0.6089334487915039
0.9303132891654968,0.6566484570503235,1.1923232078552246,0.6007292866706848
0.9269935488700867,0.6607468128204346,1.1920759677886963,0.6043755412101746
0.9227465987205505,0.6625683307647705,1.18662428855896,0.6043755412101746
0.9184483289718628,0.6605191230773926,1.1846740245819092,0.6034640073776245
0.914618730545044,0.6623406410217285,1.1876676082611084,0.5989060997962952
0.910016655921936,0.6684881448745728,1.1823123693466187,0.5989060997962952
0.9058448672294617,0.6687158346176147,1.1780420541763306,0.6025524139404297
0.9040895700454712,0.6698542833328247,1.1695078611373901,0.6052871346473694
0.8996690511703491,0.6687158346176147,1.1677131652832031,0.6116681694984436
0.896088182926178,0.6723588109016418,1.1678680181503296,0.6080218553543091
0.8920179009437561,0.6755464673042297,1.1652554273605347,0.6025524139404297
0.8880851864814758,0.6778233051300049,1.1654826402664185,0.6098450422286987
0.8847395777702332,0.6771402359008789,1.167586088180542,0.6144028902053833
0.8818058967590332,0.6789617538452148,1.1586370468139648,0.6107566356658936
0.877979040145874,0.681010901927948,1.1568666696548462,0.6134913563728333
0.8747076988220215,0.6848816275596619,1.158517599105835,0.6098450422286987
0.8714702129364014,0.6848816275596619,1.1481525897979736,0.6125797629356384
0.8674009442329407,0.687613844871521,1.1550089120864868,0.6080218553543091
0.8645868897438049,0.6853369474411011,1.149855375289917,0.6116681694984436
0.8618090748786926,0.688979983329773,1.1436580419540405,0.6134913563728333
0.8588632345199585,0.686247706413269,1.1451148986816406,0.6061987280845642
0.8545336127281189,0.6903460621833801,1.14218270778656,0.6125797629356384
0.8523330092430115,0.693078339099884,1.1434775590896606,0.6125797629356384
0.8483622074127197,0.6942167282104492,1.1399314403533936,0.6144028902053833
0.8464720249176025,0.6953551769256592,1.1355375051498413,0.6144028902053833
0.8424170017242432,0.7008196711540222,1.1405529975891113,0.6116681694984436
0.8401270508766174,0.6969490051269531,1.1498689651489258,0.6116681694984436
0.837960958480835,0.6992258429527283,1.1333882808685303,0.616226077079773
0.8349233269691467,0.6980874538421631,1.1285226345062256,0.6189607977867126
0.8312113881111145,0.7033241987228394,1.1270462274551392,0.6171376705169678
0.8287592530250549,0.7019581198692322,1.1313649415969849,0.6125797629356384
0.8259135484695435,0.7017304301261902,1.1278965473175049,0.6189607977867126
0.8232694268226624,0.7037795782089233,1.1302610635757446,0.6089334487915039
0.8205693364143372,0.7076502442359924,1.1244956254959106,0.6144028902053833
0.8182501196861267,0.7119763493537903,1.1203985214233398,0.6253418326377869
0.8143358826637268,0.7092440724372864,1.124744176864624,0.6153144836425781
0.8116356134414673,0.7106102108955383,1.1211642026901245,0.6171376705169678
0.810382068157196,0.7124316692352295,1.119894027709961,0.6207839846611023
0.8070061802864075,0.7106102108955383,1.124737024307251,0.6226071119308472
0.8037121891975403,0.7142531871795654,1.114998698234558,0.6171376705169678
0.8012438416481018,0.7099271416664124,1.1174896955490112,0.6171376705169678
0.7996193766593933,0.7167577147483826,1.106998085975647,0.6226071119308472
0.7956952452659607,0.7167577147483826,1.1076397895812988,0.6216955184936523
0.7939533591270447,0.7178961634635925,1.112444281578064,0.6262534260749817
0.7917563319206238,0.7165300250053406,1.1045258045196533,0.624430239200592
0.7882683873176575,0.7226775884628296,1.1044729948043823,0.6280765533447266
0.7874884009361267,0.7210837602615356,1.103165626525879,0.6271650195121765
0.7826932072639465,0.7233606576919556,1.1024991273880005,0.6253418326377869
0.7817230820655823,0.7213114500045776,1.1014325618743896,0.6226071119308472
0.7790002822875977,0.7247267961502075,1.1004080772399902,0.623518705368042
0.7758171558380127,0.7244991064071655,1.103785514831543,0.624430239200592
0.7742387056350708,0.7311019897460938,1.1002402305603027,0.6289881467819214
0.7720003724098206,0.7256374955177307,1.093923568725586,0.6308112740516663
0.7697018384933472,0.7235883474349976,1.093428134918213,0.6317228674888611
0.7669448256492615,0.7306466102600098,1.0965631008148193,0.6262534260749817
0.7650208473205566,0.7279143929481506,1.0914605855941772,0.6280765533447266
0.762367844581604,0.7311019897460938,1.0939973592758179,0.6280765533447266
0.7597881555557251,0.7306466102600098,1.0868176221847534,0.6308112740516663
0.7588785290718079,0.7338342666625977,1.0862058401107788,0.6371923685073853
0.7563007473945618,0.7358834147453308,1.0868909358978271,0.6362807750701904
0.7540901899337769,0.7311019897460938,1.0897678136825562,0.6335460543632507
0.7505557537078857,0.7358834147453308,1.0826587677001953,0.6335460543632507
0.7491523027420044,0.7388433218002319,1.0787999629974365,0.6280765533447266
0.7472934126853943,0.7388433218002319,1.0803858041763306,0.6335460543632507
0.7440120577812195,0.7377049326896667,1.0843347311019897,0.6308112740516663
0.7426877617835999,0.7361111044883728,1.077195405960083,0.6289881467819214
0.7402119636535645,0.7386156916618347,1.0768743753433228,0.6381039023399353
0.7384912967681885,0.7397540807723999,1.0755668878555298,0.6308112740516663
0.7363006472587585,0.7392987012863159,1.0769305229187012,0.6362807750701904
0.7342504262924194,0.7411202192306519,1.0714143514633179,0.6371923685073853
0.732486367225647,0.7420309782028198,1.070175290107727,0.6317228674888611
0.7293851971626282,0.744307816028595,1.0782653093338013,0.6381039023399353
0.7279026508331299,0.7456739544868469,1.068795084953308,0.6371923685073853
0.7254124879837036,0.7468124032020569,1.0712159872055054,0.6317228674888611
0.7231952548027039,0.7424863576889038,1.070800542831421,0.6335460543632507
0.7205944657325745,0.748633861541748,1.0760525465011597,0.6335460543632507
0.7189291715621948,0.7474954724311829,1.0672348737716675,0.6362807750701904
0.7173323035240173,0.749089241027832,1.0715219974517822,0.6371923685073853
0.7153427004814148,0.7479507923126221,1.0597460269927979,0.6390154957771301
0.7130707502365112,0.749772310256958,1.0622328519821167,0.6390154957771301
0.7108838558197021,0.7470400929450989,1.0698742866516113,0.640838623046875
0.7085394859313965,0.7525045275688171,1.0563337802886963,0.6362807750701904
0.7066988348960876,0.7543260455131531,1.0610111951828003,0.6390154957771301
0.7048561573028564,0.7518215179443359,1.064176321029663,0.6362807750701904
0.7030438780784607,0.7545537352561951,1.0575944185256958,0.6390154957771301
0.7007147669792175,0.755692183971405,1.063350796699524,0.6362807750701904
0.699576199054718,0.755464494228363,1.0601389408111572,0.6435734033584595
0.6976906657218933,0.7543260455131531,1.0547511577606201,0.639927089214325
0.695865273475647,0.7540983557701111,1.053594946861267,0.6426618099212646
0.6927965879440308,0.7538706660270691,1.055654525756836,0.6417502164840698
0.6907954812049866,0.7593351602554321,1.0507586002349854,0.6453965306282043
0.6889268159866333,0.7616119980812073,1.0547293424606323,0.6362807750701904
0.6863523125648499,0.7620673775672913,1.0569278001785278,0.640838623046875
0.6864451766014099,0.7602459192276001,1.0462168455123901,0.6463081240653992
0.6829516291618347,0.7625227570533752,1.050575613975525,0.6426618099212646
0.68226158618927,0.7622950673103333,1.048150658607483,0.6426618099212646
0.6799334287643433,0.7627504467964172,1.0475354194641113,0.6426618099212646
0.6787097454071045,0.7636612057685852,1.0522314310073853,0.6417502164840698
0.676532506942749,0.7659380435943604,1.0469627380371094,0.639927089214325
0.6744214296340942,0.7629781365394592,1.0476289987564087,0.6417502164840698
0.6739035844802856,0.7625227570533752,1.0425338745117188,0.6463081240653992
0.671709418296814,0.7666211128234863,1.0413603782653809,0.648131251335144
0.6688971519470215,0.7670764923095703,1.0485024452209473,0.6417502164840698
0.6664373278617859,0.7682149410247803,1.0466609001159668,0.6435734033584595
0.6657039523124695,0.7666211128234863,1.0412166118621826,0.6490428447723389
0.6638737916946411,0.7700364589691162,1.0408145189285278,0.6426618099212646
0.6620897054672241,0.7693533897399902,1.0406774282455444,0.6444849371910095
0.6596790552139282,0.7714025378227234,1.0397717952728271,0.6517775654792786
0.6592761874198914,0.7695810794830322,1.0408939123153687,0.6490428447723389
0.6580542922019958,0.7720856070518494,1.038265347480774,0.6453965306282043
0.6546273827552795,0.7732240557670593,1.0411678552627563,0.6453965306282043
0.6537419557571411,0.7727686762809753,1.0422358512878418,0.648131251335144
0.6517502069473267,0.7764116525650024,1.0342636108398438,0.6508659720420837
0.6493592262268066,0.7757285833358765,1.0328761339187622,0.6453965306282043
0.6479150056838989,0.7732240557670593,1.0346428155899048,0.6526891589164734
0.6456471681594849,0.7741348147392273,1.0368596315383911,0.6499544382095337
0.6451178193092346,0.7761839628219604,1.0349184274673462,0.6463081240653992
0.6441083550453186,0.7759562730789185,1.0321062803268433,0.6526891589164734
0.6413249969482422,0.7795992493629456,1.0326310396194458,0.6526891589164734
0.6404006481170654,0.7809653878211975,1.031049370765686,0.6463081240653992
0.6381807327270508,0.7802823185920715,1.0302709341049194,0.6545122861862183
0.6365431547164917,0.7802823185920715,1.034897804260254,0.6490428447723389
0.6351810693740845,0.7832422852516174,1.0303372144699097,0.6517775654792786
0.6326113343238831,0.7832422852516174,1.029471516609192,0.6508659720420837
0.6315951943397522,0.7823315262794495,1.025694489479065,0.6508659720420837
0.6301617622375488,0.7850637435913086,1.0266728401184082,0.6490428447723389
0.6279565095901489,0.7857468128204346,1.025692105293274,0.6499544382095337
0.6273387670516968,0.7846083641052246,1.0253689289093018,0.6526891589164734
0.6255595088005066,0.7880236506462097,1.028691291809082,0.6499544382095337
0.624592125415802,0.7866575717926025,1.0217231512069702,0.6490428447723389
0.6221775412559509,0.7852914333343506,1.0202163457870483,0.6545122861862183
0.6200466156005859,0.7907559275627136,1.026254415512085,0.6536007523536682
0.6190650463104248,0.7864298820495605,1.0237953662872314,0.6490428447723389
0.6174820065498352,0.7889344096183777,1.0196516513824463,0.6517775654792786
0.6158699989318848,0.7903005480766296,1.021798849105835,0.6517775654792786
0.6148847937583923,0.7889344096183777,1.019347906112671,0.6536007523536682
0.6131016612052917,0.7887067198753357,1.0195149183273315,0.6563354730606079
0.6115503311157227,0.7896174788475037,1.0172674655914307,0.6526891589164734
0.6094458103179932,0.7909836173057556,1.0211701393127441,0.6536007523536682
0.607619047164917,0.7946265935897827,1.0190025568008423,0.6536007523536682
0.6070280075073242,0.7925773859024048,1.0238113403320312,0.6536007523536682
0.6051120162010193,0.7932604551315308,1.0146310329437256,0.6536007523536682
0.603415846824646,0.7948542833328247,1.015258550643921,0.6572470664978027
0.6030149459838867,0.7973588109016418,1.0157456398010254,0.6526891589164734
0.6008272171020508,0.7971311211585999,1.0159565210342407,0.6554238796234131
0.598583459854126,0.7996357083320618,1.0140719413757324,0.6554238796234131
0.5974377989768982,0.7987249493598938,1.0161343812942505,0.6463081240653992
0.5966182351112366,0.7982695698738098,1.0182982683181763,0.6563354730606079
0.5955546498298645,0.7982695698738098,1.0121029615402222,0.6563354730606079
0.5934169292449951,0.8005464673042297,1.011408805847168,0.6599817872047424
0.5914614796638489,0.7994080185890198,1.0180950164794922,0.6536007523536682
0.5911794304847717,0.7987249493598938,1.0131891965866089,0.6563354730606079
0.5889500975608826,0.8023679256439209,1.0143412351608276,0.6572470664978027
0.58714359998703,0.8023679256439209,1.010024905204773,0.6572470664978027
0.5854958891868591,0.8025956153869629,1.012647271156311,0.6572470664978027
0.584489107131958,0.8044171333312988,1.0103986263275146,0.6499544382095337
0.5839075446128845,0.8025956153869629,1.0069316625595093,0.6526891589164734
0.5824796557426453,0.8044171333312988,1.010389804840088,0.6572470664978027
0.5811319351196289,0.8078324198722839,1.011461853981018,0.6581586003303528
0.5788512229919434,0.8035063743591309,1.0125993490219116,0.6581586003303528
0.5781470537185669,0.806921660900116,1.0114665031433105,0.6572470664978027
0.5759947896003723,0.8048725128173828,1.011863350868225,0.6599817872047424
0.5747998356819153,0.8098816275596619,1.0063765048980713,0.6545122861862183
0.5744326710700989,0.80623859167099,1.0173267126083374,0.664539635181427
0.5706618428230286,0.8080601096153259,1.008629322052002,0.6536007523536682
0.5708259344100952,0.811247706413269,1.0122135877609253,0.6563354730606079
0.5691861510276794,0.8089708685874939,1.0097640752792358,0.6563354730606079
0.5684606432914734,0.811020016670227,1.0101054906845093,0.6590701937675476
0.5670807361602783,0.811930775642395,1.0119006633758545,0.6599817872047424
0.5651375651359558,0.8073770403862,1.0007810592651367,0.6627165079116821
0.5643931031227112,0.811247706413269,1.0031436681747437,0.6590701937675476
0.5634249448776245,0.8105646371841431,1.00702965259552,0.6608933210372925
0.5610010027885437,0.8151183724403381,1.0071574449539185,0.6618049144744873
0.5596449375152588,0.811475396156311,0.9982036352157593,0.6581586003303528
0.5575636029243469,0.8160291314125061,1.0018672943115234,0.6599817872047424
0.557113766670227,0.813296914100647,1.0021860599517822,0.6618049144744873
0.5564183592796326,0.813069224357605,1.0014630556106567,0.6554238796234131
0.5545828342437744,0.8164845108985901,1.0009746551513672,0.6599817872047424
0.5531805753707886,0.8160291314125061,1.007692575454712,0.6590701937675476
0.5535518527030945,0.8148906826972961,1.0032061338424683,0.6554238796234131
0.5507302284240723,0.8173952698707581,0.998873233795166,0.6627165079116821
0.5489957332611084,0.8171675801277161,1.007924199104309,0.6608933210372925
0.5487217903137207,0.8160291314125061,0.9995132684707642,0.6627165079116821
0.5469467043876648,0.8192167282104492,0.9987184405326843,0.6599817872047424
0.5447185635566711,0.8196721076965332,0.9935139417648315,0.6608933210372925
0.5440439581871033,0.8210382461547852,0.9980838298797607,0.663628101348877
0.5430304408073425,0.8217213153839111,1.0002312660217285,0.6599817872047424
0.5415351986885071,0.8246812224388123,1.0025681257247925,0.6654512286186218
0.5405417084693909,0.8194444179534912,0.9967798590660095,0.6599817872047424
0.5394564270973206,0.8224043846130371,0.9990109801292419,0.6618049144744873
0.5384940505027771,0.8226320743560791,0.995186984539032,0.663628101348877
0.5364952087402344,0.8224043846130371,0.9966127276420593,0.6599817872047424
0.536427915096283,0.8244535326957703,0.9944661259651184,0.6672743558883667
0.533897340297699,0.8239981532096863,1.0012314319610596,0.6690975427627563
0.5340533256530762,0.8221766948699951,0.9964422583580017,0.6618049144744873
0.5317782759666443,0.8258196711540222,0.9912047982215881,0.6654512286186218
0.5313611030578613,0.8271858096122742,0.9957432150840759,0.6663628220558167
0.5293105840682983,0.8224043846130371,0.99357670545578,0.6663628220558167
0.5280948281288147,0.8276411890983582,0.9974737763404846,0.6681859493255615
0.5265095233917236,0.8287795782089233,0.9979791045188904,0.6672743558883667
0.5249961614608765,0.8292349576950073,0.9882782697677612,0.663628101348877
0.5245265364646912,0.8290072679519653,0.998665988445282,0.663628101348877
0.5224002599716187,0.8290072679519653,0.9952782988548279,0.6599817872047424
0.5217938423156738,0.8319672346115112,0.9946046471595764,0.6700091361999512
0.5211228728294373,0.8303734064102173,0.9940527081489563,0.6608933210372925
0.5203110575675964,0.8346994519233704,0.9934042096138,0.664539635181427
0.5187520384788513,0.8333333134651184,0.9908407330513,0.6672743558883667
0.5163585543632507,0.8367486596107483,0.9919107556343079,0.663628101348877
0.5156247019767761,0.8353825211524963,0.9917787909507751,0.664539635181427
0.5151382088661194,0.8349271416664124,0.9909362196922302,0.6681859493255615
0.5135996341705322,0.8328779339790344,0.987739086151123,0.6690975427627563
0.5130166411399841,0.8356102108955383,0.9909473061561584,0.6700091361999512
0.5113894939422607,0.8358379006385803,0.989635705947876,0.6663628220558167
0.5108198523521423,0.8356102108955383,0.9861323833465576,0.6654512286186218
0.5084890723228455,0.8344717621803284,0.9907642602920532,0.6654512286186218
0.507500410079956,0.8378870487213135,0.9879339337348938,0.6672743558883667
0.5067974925041199,0.8365209698677063,0.9842240214347839,0.6672743558883667
0.5049483180046082,0.8406193256378174,0.9863029718399048,0.6681859493255615
0.5040578842163086,0.8376593589782715,0.9882416129112244,0.6654512286186218
0.5034620761871338,0.8387978076934814,0.983268141746521,0.671832263469696
0.5025662779808044,0.8424407839775085,0.9846431612968445,0.6672743558883667
0.5010404586791992,0.8431238532066345,0.987356424331665,0.6681859493255615
0.5000821948051453,0.8438069224357605,0.9835621118545532,0.6727438569068909
0.4978286325931549,0.8426684737205505,0.9827945232391357,0.6672743558883667
0.4972904324531555,0.8428961634635925,0.9872692823410034,0.6663628220558167
0.49580442905426025,0.8433515429496765,0.9813764095306396,0.6690975427627563
0.4941256642341614,0.8440346121788025,0.9863125681877136,0.6700091361999512
0.49356141686439514,0.8456284403800964,0.9925808906555176,0.6700091361999512
0.4935918152332306,0.8454007506370544,0.9855533242225647,0.6690975427627563
0.49276965856552124,0.8438069224357605,0.9814698100090027,0.671832263469696
0.48979395627975464,0.8449453711509705,0.9836791753768921,0.6727438569068909
0.48929932713508606,0.8456284403800964,0.9795862436294556,0.6709206700325012
0.4881502389907837,0.8469945192337036,0.9810912013053894,0.6672743558883667
0.4872715473175049,0.8476775884628296,0.9787726998329163,0.671832263469696
0.48645737767219543,0.8469945192337036,0.9808312654495239,0.6663628220558167
0.485066294670105,0.8449453711509705,0.9806373119354248,0.6700091361999512
0.482503205537796,0.8472222089767456,0.9818650484085083,0.6681859493255615
0.4819033443927765,0.8476775884628296,0.9812082648277283,0.6690975427627563
0.4814935028553009,0.8479052782058716,0.9787082672119141,0.6736554503440857
0.48071354627609253,0.8469945192337036,0.9773266315460205,0.6736554503440857
0.47971081733703613,0.8497267961502075,0.9835096001625061,0.6700091361999512
0.47796687483787537,0.8476775884628296,0.9730405807495117,0.6727438569068909
0.4766554534435272,0.8476775884628296,0.9766794443130493,0.6745669841766357
0.4764842391014099,0.8501821756362915,0.9744657278060913,0.6672743558883667
0.4754103422164917,0.8522313237190247,0.9789869785308838,0.6727438569068909
0.47348088026046753,0.8506374955177307,0.9820090532302856,0.6736554503440857
0.4723760187625885,0.8501821756362915,0.980677604675293,0.6736554503440857
0.47146767377853394,0.8520036339759827,0.9799538850784302,0.6736554503440857
0.4695684611797333,0.8533697724342346,0.9808233976364136,0.6745669841766357
0.46957269310951233,0.8510928750038147,0.9781709909439087,0.6690975427627563
0.46905529499053955,0.8538251519203186,0.9792931079864502,0.6709206700325012
0.4682846665382385,0.8538251519203186,0.9725999236106873,0.6745669841766357
0.4667885899543762,0.8542805314064026,0.9739658832550049,0.6681859493255615
0.4661710262298584,0.8554189205169678,0.9802088141441345,0.6736554503440857
0.46485909819602966,0.8556466102600098,0.9788311123847961,0.6745669841766357
0.4631791114807129,0.8565573692321777,0.973164439201355,0.6745669841766357
0.4627927243709564,0.8579235076904297,0.9743770360946655,0.6727438569068909
0.46007227897644043,0.8572404384613037,0.969814121723175,0.6736554503440857
0.4598996043205261,0.8570127487182617,0.9695125818252563,0.6791248917579651
0.4589962065219879,0.8551912307739258,0.9700353741645813,0.6791248917579651
0.45872190594673157,0.8572404384613037,0.9767938256263733,0.6727438569068909
0.45660045742988586,0.8579235076904297,0.9735350012779236,0.6727438569068909
0.455793172121048,0.8549635410308838,0.970562219619751,0.671832263469696
0.4548543393611908,0.8590619564056396,0.9716622233390808,0.6763901710510254
0.45356225967407227,0.8592896461486816,0.9732344150543213,0.6773017048835754
0.4525105357170105,0.8563296794891357,0.9760159254074097,0.6727438569068909
0.45203936100006104,0.8608834147453308,0.96866375207901,0.6745669841766357
0.45032039284706116,0.8599726557731628,0.9746779203414917,0.6736554503440857
0.44986674189567566,0.8622495532035828,0.9728521108627319,0.6736554503440857
0.44926804304122925,0.8595172762870789,0.969741702079773,0.6763901710510254
0.4488188624382019,0.8602003455162048,0.9721575975418091,0.6754785776138306
0.44690433144569397,0.8606557250022888,0.9684920907020569,0.6763901710510254
0.445435106754303,0.8654371500015259,0.9690945148468018,0.6754785776138306
0.44500383734703064,0.8606557250022888,0.968774139881134,0.6782132983207703
0.44399458169937134,0.8622495532035828,0.9773692488670349,0.6727438569068909
0.4436372220516205,0.8622495532035828,0.9700116515159607,0.6736554503440857
0.44175654649734497,0.8622495532035828,0.9697797298431396,0.6773017048835754
0.44036340713500977,0.8645263910293579,0.9741897583007812,0.6727438569068909
0.4395087659358978,0.8640710115432739,0.9664561748504639,0.6782132983207703
0.43783241510391235,0.8649817705154419,0.9713793396949768,0.671832263469696
0.43719127774238586,0.8620218634605408,0.9697215557098389,0.6782132983207703
0.4368938207626343,0.8654371500015259,0.969038188457489,0.6745669841766357
0.4361959993839264,0.8649817705154419,0.971534013748169,0.6782132983207703
0.43384280800819397,0.8636156916618347,0.9775682091712952,0.6745669841766357
0.4332106113433838,0.8640710115432739,0.968304455280304,0.6727438569068909
0.43310409784317017,0.8649817705154419,0.9663631319999695,0.6773017048835754
0.4314899146556854,0.868624746799469,0.9747554659843445,0.6745669841766357
0.43078669905662537,0.868624746799469,0.9703534841537476,0.6782132983207703
0.42963868379592896,0.8677140474319458,0.9674432873725891,0.6754785776138306
0.4292853772640228,0.8654371500015259,0.9672669172286987,0.6745669841766357
0.4275135397911072,0.869535505771637,0.9637956619262695,0.6754785776138306
0.42642536759376526,0.8704462647438049,0.9777737259864807,0.6736554503440857
0.4261724054813385,0.8654371500015259,0.9759815335273743,0.6754785776138306
0.4251081347465515,0.8679417371749878,0.9664143919944763,0.671832263469696
0.4240701496601105,0.8679417371749878,0.9627576470375061,0.6736554503440857
0.42348697781562805,0.8709016442298889,0.9756615161895752,0.671832263469696
0.4227072596549988,0.8702185750007629,0.965589165687561,0.6745669841766357
0.42073696851730347,0.868852436542511,0.9699251651763916,0.6745669841766357
0.4205690920352936,0.8720400929450989,0.9673299789428711,0.671832263469696
0.41902559995651245,0.8727231621742249,0.9706931114196777,0.6782132983207703
0.4184657335281372,0.8711293339729309,0.9667097330093384,0.6736554503440857
0.41744887828826904,0.869307816028595,0.9623584747314453,0.671832263469696
0.4163186252117157,0.8706739544868469,0.9672126173973083,0.6736554503440857
0.41533321142196655,0.8731784820556641,0.9658774137496948,0.6763901710510254
0.41488030552864075,0.8727231621742249,0.9672571420669556,0.6818596124649048
0.4131421744823456,0.874772310256958,0.9611395597457886,0.6782132983207703
0.4125840663909912,0.8727231621742249,0.965035617351532,0.6754785776138306
0.4121665358543396,0.875227689743042,0.9669222831726074,0.6773017048835754
0.41060540080070496,0.8724954724311829,0.9723272323608398,0.6736554503440857
0.4092780649662018,0.875,0.9702560305595398,0.6745669841766357
0.40928563475608826,0.8729507923126221,0.9677138924598694,0.6791248917579651
0.40768080949783325,0.8729507923126221,0.9700301289558411,0.6763901710510254
0.4068549871444702,0.875683069229126,0.9662525057792664,0.6773017048835754
0.4057214856147766,0.875227689743042,0.962299108505249,0.6800364851951599
0.4054732918739319,0.875,0.9631006121635437,0.6791248917579651
0.4049728214740753,0.8775045275688171,0.9657480120658875,0.6782132983207703
0.4037784934043884,0.876593828201294,0.9689455032348633,0.6754785776138306
0.40381261706352234,0.8781875967979431,0.9680640697479248,0.6763901710510254
0.4019034504890442,0.8781875967979431,0.9608734250068665,0.6745669841766357
0.4010302424430847,0.8779599070549011,0.9611045122146606,0.6791248917579651
0.39991268515586853,0.8784152865409851,0.9655167460441589,0.6773017048835754
0.3985983729362488,0.8786429762840271,0.9612468481063843,0.6727438569068909
0.39785829186439514,0.880692183971405,0.9620698690414429,0.6773017048835754
0.39723339676856995,0.8795537352561951,0.9632936716079712,0.6773017048835754
0.39733362197875977,0.8779599070549011,0.9621891379356384,0.6709206700325012
0.3956651985645294,0.8781875967979431,0.9609604477882385,0.6727438569068909
0.3944178521633148,0.8790983557701111,0.9670249819755554,0.6736554503440857
0.39417824149131775,0.8775045275688171,0.960952877998352,0.6773017048835754
0.3920484483242035,0.8820582628250122,0.9613821506500244,0.6763901710510254
0.39183732867240906,0.880009114742279,0.9646567106246948,0.6782132983207703
0.3917142450809479,0.880692183971405,0.9635118842124939,0.6773017048835754
0.39039334654808044,0.8818305730819702,0.9599044919013977,0.6773017048835754
0.3892245292663574,0.8829690217971802,0.9617896676063538,0.6763901710510254
0.3891409933567047,0.8818305730819702,0.9596680402755737,0.6791248917579651
0.3872126638889313,0.8822859525680542,0.966718852519989,0.6763901710510254
0.38571569323539734,0.8843351602554321,0.9629677534103394,0.6763901710510254
0.38531333208084106,0.8838797807693481,0.9683021306991577,0.6782132983207703
0.3849967122077942,0.8854736089706421,0.9648028016090393,0.6782132983207703
0.3838421702384949,0.8845628499984741,0.9611495733261108,0.6773017048835754
0.3822661340236664,0.8854736089706421,0.9669106006622314,0.6791248917579651
0.38230133056640625,0.8841074705123901,0.9588097929954529,0.6763901710510254
0.38186362385749817,0.8845628499984741,0.962123692035675,0.6727438569068909
0.3799816370010376,0.8841074705123901,0.968614935874939,0.6791248917579651
0.37970224022865295,0.8859289884567261,0.9639595746994019,0.6782132983207703
0.37845373153686523,0.8838797807693481,0.9657958149909973,0.6736554503440857
0.3779628276824951,0.8852459192276001,0.9598655700683594,0.6763901710510254
0.3771985173225403,0.8861566781997681,0.9594004154205322,0.6818596124649048
0.37598711252212524,0.8863843083381653,0.9610192775726318,0.6763901710510254
0.3746930956840515,0.8854736089706421,0.9646405577659607,0.6763901710510254
0.37472352385520935,0.8861566781997681,0.9632406830787659,0.6773017048835754
0.37389683723449707,0.8879781365394592,0.9629391431808472,0.68094801902771
0.3726375699043274,0.8861566781997681,0.9704881310462952,0.6727438569068909
0.3725042939186096,0.8866119980812073,0.9657126069068909,0.6754785776138306
0.37212973833084106,0.8879781365394592,0.9587854146957397,0.6763901710510254
0.36934587359428406,0.8877504467964172,0.9697971343994141,0.6782132983207703
0.369487464427948,0.8875227570533752,0.959078311920166,0.6736554503440857
0.3691510856151581,0.8900273442268372,0.9574257135391235,0.6782132983207703
0.36744892597198486,0.8909380435943604,0.9608929753303528,0.6763901710510254
0.3668706715106964,0.8893442749977112,0.9592254161834717,0.6773017048835754
0.36586570739746094,0.8911657333374023,0.9613686800003052,0.6791248917579651
0.3652876615524292,0.8891165852546692,0.9616910815238953,0.6791248917579651
0.3645649254322052,0.8884335160255432,0.9687883853912354,0.6736554503440857
0.36399927735328674,0.8911657333374023,0.9633683562278748,0.6773017048835754
0.36270377039909363,0.8936703205108643,0.9581366777420044,0.6818596124649048
0.3622232973575592,0.8913934230804443,0.9604536890983582,0.6745669841766357
0.3615603446960449,0.8923041820526123,0.9623185396194458,0.6782132983207703
0.36021938920021057,0.8923041820526123,0.9580708146095276,0.6782132983207703
0.35918158292770386,0.8938980102539062,0.9604251980781555,0.68094801902771
0.3591617941856384,0.8938980102539062,0.9593921899795532,0.6800364851951599
0.35732167959213257,0.8959471583366394,0.9571412205696106,0.68094801902771
0.3574705719947815,0.8950364589691162,0.96161949634552,0.6736554503440857
0.3569781482219696,0.8943533897399902,0.9624027609825134,0.6782132983207703
0.35584577918052673,0.8932149410247803,0.9653595089912415,0.6763901710510254
0.3549306094646454,0.8934426307678223,0.9567944407463074,0.6736554503440857
0.35454559326171875,0.8938980102539062,0.9613880515098572,0.6736554503440857
0.35270753502845764,0.8938980102539062,0.9649149775505066,0.6763901710510254
0.3522903323173523,0.8941256999969482,0.968367874622345,0.6763901710510254
0.3506826162338257,0.8970856070518494,0.9574698805809021,0.6736554503440857
0.35005834698677063,0.8961748480796814,0.9628190994262695,0.6736554503440857
0.3496367931365967,0.8932149410247803,0.95683354139328,0.6773017048835754
0.3491581380367279,0.8973132967948914,0.9606097936630249,0.6782132983207703
0.3481743633747101,0.8966302275657654,0.9591724276542664,0.6773017048835754
0.34713977575302124,0.8986794352531433,0.9597942233085632,0.6745669841766357
0.3463912606239319,0.8982240557670593,0.9619344472885132,0.6782132983207703
0.3460931181907654,0.8984517455101013,0.9559640884399414,0.6754785776138306
0.34458088874816895,0.8975409865379333,0.9597272276878357,0.6818596124649048
0.344466894865036,0.8995901346206665,0.9582892060279846,0.6745669841766357
0.34436118602752686,0.8977686762809753,0.9575808644294739,0.68094801902771
0.34344178438186646,0.8977686762809753,0.9612635374069214,0.6818596124649048
0.34230390191078186,0.8993625044822693,0.9592475295066833,0.6827712059020996
0.3416508436203003,0.8993625044822693,0.9589987397193909,0.6791248917579651
0.34052133560180664,0.9016393423080444,0.9595615863800049,0.6736554503440857
0.3390507698059082,0.8998178243637085,0.9601802825927734,0.6827712059020996
0.33825910091400146,0.9018670320510864,0.9626177549362183,0.6763901710510254
0.3384804427623749,0.9018670320510864,0.9561974406242371,0.6791248917579651
0.3372311294078827,0.9011839628219604,0.9605178833007812,0.6754785776138306
0.33769121766090393,0.9018670320510864,0.9598612189292908,0.6736554503440857
0.3354240357875824,0.9023224115371704,0.9588052034378052,0.6845943331718445
0.33584967255592346,0.9014116525650024,0.9549456834793091,0.6791248917579651
0.3340221047401428,0.9032331705093384,0.9589118361473083,0.6773017048835754
0.33375677466392517,0.9030054807662964,0.9533655643463135,0.6855059266090393
0.332937091588974,0.9050546288490295,0.954208254814148,0.6763901710510254
0.33179447054862976,0.9050546288490295,0.9573438167572021,0.6827712059020996
0.331467866897583,0.9020947217941284,0.955195963382721,0.6791248917579651
0.33082520961761475,0.9045992493629456,0.9580377340316772,0.6845943331718445
0.3299389183521271,0.9043715596199036,0.9563551545143127,0.68094801902771
0.32882681488990784,0.9045992493629456,0.9574205875396729,0.6745669841766357
0.32821038365364075,0.9064207673072815,0.9590742588043213,0.68094801902771
0.3283222019672394,0.9032331705093384,0.9545652270317078,0.6827712059020996
0.32727527618408203,0.9073315262794495,0.9644056558609009,0.6773017048835754
0.3266615867614746,0.9055100083351135,0.9551287293434143,0.6773017048835754
0.32565754652023315,0.9057376980781555,0.9652235507965088,0.6827712059020996
0.3254265785217285,0.9052823185920715,0.9611151218414307,0.6864175200462341
0.32353270053863525,0.9077869057655334,0.9609747529029846,0.6763901710510254
0.32313698530197144,0.9098360538482666,0.9550805687904358,0.6818596124649048
0.3224925994873047,0.9093806743621826,0.960934579372406,0.68094801902771
0.3229505717754364,0.9086976051330566,0.9587956666946411,0.68094801902771
0.32081368565559387,0.9089252948760986,0.9622437953948975,0.6754785776138306
0.31923192739486694,0.9112021923065186,0.9574161767959595,0.6800364851951599
0.31949880719184875,0.9093806743621826,0.9577357172966003,0.6836827993392944
0.3187273442745209,0.9073315262794495,0.9545885920524597,0.68094801902771
0.3182765245437622,0.9107468128204346,0.9546563029289246,0.6763901710510254
0.31726083159446716,0.9089252948760986,0.9549777507781982,0.6845943331718445
0.3168591856956482,0.9096083641052246,0.9614905714988708,0.6818596124649048
0.3158150911331177,0.9130236506462097,0.9593297839164734,0.6763901710510254
0.3148401081562042,0.9114298820495605,0.9568167924880981,0.6782132983207703
0.3144899606704712,0.9141620993614197,0.9578590393066406,0.68094801902771
0.31375235319137573,0.9109745025634766,0.9676529169082642,0.6773017048835754
0.31338950991630554,0.9098360538482666,0.9524924159049988,0.6782132983207703
0.3126104772090912,0.9105191230773926,0.9557263255119324,0.6782132983207703
0.31136322021484375,0.9109745025634766,0.9527197480201721,0.6864175200462341
0.31090155243873596,0.9100637435913086,0.955898106098175,0.6827712059020996
0.31064149737358093,0.9127960205078125,0.9599531292915344,0.6791248917579651
0.30929145216941833,0.9112021923065186,0.963355302810669,0.6800364851951599
0.30877193808555603,0.9130236506462097,0.9533314108848572,0.6800364851951599
0.3083597421646118,0.9159836173057556,0.9539583325386047,0.6855059266090393
0.30690997838974,0.9153005480766296,0.9578218460083008,0.6754785776138306
0.30683618783950806,0.9127960205078125,0.9549012780189514,0.6836827993392944
0.30559247732162476,0.9159836173057556,0.9628270864486694,0.6818596124649048
0.30542224645614624,0.9148451685905457,0.9578902125358582,0.6782132983207703
0.305099219083786,0.9166666865348816,0.9600082039833069,0.6773017048835754
0.30289700627326965,0.9155282378196716,0.958989143371582,0.6800364851951599
0.30326518416404724,0.9148451685905457,0.9546228647232056,0.6864175200462341
0.3024613857269287,0.9159836173057556,0.956173837184906,0.68094801902771
0.3015711307525635,0.9143897891044617,0.9581519365310669,0.6754785776138306
0.30148226022720337,0.9168943762779236,0.9548754692077637,0.6818596124649048
0.29982197284698486,0.9168943762779236,0.9598936438560486,0.6845943331718445
0.2992391884326935,0.9171220660209656,0.9589748978614807,0.6782132983207703
0.29895511269569397,0.9178050756454468,0.956183671951294,0.6827712059020996
0.2985028624534607,0.9173497557640076,0.960558295249939,0.6800364851951599
0.29750531911849976,0.9168943762779236,0.9550772309303284,0.6845943331718445
0.29712772369384766,0.9180327653884888,0.9554958343505859,0.6773017048835754
0.2962440848350525,0.9180327653884888,0.9510951042175293,0.6773017048835754
0.2962193191051483,0.9189435243606567,0.9560136198997498,0.6845943331718445
0.2952899634838104,0.9191712141036987,0.956775963306427,0.6763901710510254
0.29388609528541565,0.9209927320480347,0.9525129795074463,0.6864175200462341
0.29400596022605896,0.9173497557640076,0.9559948444366455,0.6845943331718445
0.2929706275463104,0.9219034314155579,0.9543936848640442,0.6791248917579651
0.29166266322135925,0.9193989038467407,0.9550997018814087,0.6845943331718445
0.29226458072662354,0.9193989038467407,0.9571453928947449,0.6782132983207703
0.2912939190864563,0.9182604551315308,0.9530718326568604,0.6836827993392944
0.2897060811519623,0.9207650423049927,0.9629242420196533,0.6773017048835754
0.2891688942909241,0.9207650423049927,0.9579835534095764,0.6855059266090393
0.28789010643959045,0.9239526391029358,0.9559939503669739,0.6855059266090393
0.2876841425895691,0.9230418801307678,0.9564037322998047,0.6791248917579651
0.2881787419319153,0.9216758012771606,0.9571516513824463,0.6827712059020996
0.2870326638221741,0.9221311211585999,0.9579260349273682,0.6845943331718445
0.28600016236305237,0.9219034314155579,0.9629049897193909,0.6773017048835754
0.28581175208091736,0.9228141903877258,0.956803023815155,0.6827712059020996
0.2848314940929413,0.9230418801307678,0.9551717042922974,0.6845943331718445
0.2839881479740143,0.9225865006446838,0.9645670056343079,0.6800364851951599
0.2837727665901184,0.9223588109016418,0.9620687365531921,0.6855059266090393
0.28334352374076843,0.9216758012771606,0.9601383209228516,0.6800364851951599
0.28343209624290466,0.9253187775611877,0.9519422650337219,0.68094801902771
0.2814621925354004,0.9234972596168518,0.9638118743896484,0.6818596124649048
0.28074371814727783,0.9237249493598938,0.9611870646476746,0.6845943331718445
0.28070926666259766,0.9255464673042297,0.960507333278656,0.6864175200462341
0.2799743413925171,0.9273679256439209,0.9552944302558899,0.6773017048835754
0.27914124727249146,0.9246357083320618,0.9623205661773682,0.6800364851951599
0.2779950201511383,0.9255464673042297,0.9625450968742371,0.6818596124649048
0.2770777642726898,0.9273679256439209,0.9525592923164368,0.6864175200462341
0.2771892249584198,0.9246357083320618,0.9588027596473694,0.6818596124649048
0.2758565843105316,0.9264571666717529,0.9622466564178467,0.6773017048835754
0.275846004486084,0.9282786846160889,0.9594042301177979,0.68094801902771
0.2751965820789337,0.9253187775611877,0.9574226140975952,0.6836827993392944
0.27445748448371887,0.9282786846160889,0.9584218859672546,0.6782132983207703
0.2731974422931671,0.9280509948730469,0.959985077381134,0.6800364851951599
0.2737864553928375,0.9278233051300049,0.9604982733726501,0.6836827993392944
0.27247166633605957,0.9307832717895508,0.9568970799446106,0.6800364851951599
0.27084439992904663,0.9291894435882568,0.9661531448364258,0.6827712059020996
0.27207884192466736,0.9282786846160889,0.9637927412986755,0.6773017048835754
0.27091968059539795,0.9291894435882568,0.9563586711883545,0.6855059266090393
0.2699517607688904,0.9296448230743408,0.9576766490936279,0.6782132983207703
0.26946794986724854,0.9271402359008789,0.958157479763031,0.6800364851951599
0.2692001760005951,0.931693971157074,0.9542335271835327,0.6836827993392944
0.2677697539329529,0.9307832717895508,0.9594357013702393,0.6836827993392944
0.2670316696166992,0.9298725128173828,0.9653500318527222,0.6864175200462341
0.2667474150657654,0.9285063743591309,0.9613538980484009,0.6855059266090393
0.26612070202827454,0.9303278923034668,0.9611260294914246,0.6855059266090393
0.2655877470970154,0.931693971157074,0.9572728276252747,0.6873290538787842
0.2657220661640167,0.931693971157074,0.9554465413093567,0.6836827993392944
0.2641613483428955,0.9326047301292419,0.9566007256507874,0.6845943331718445
0.26370853185653687,0.9307832717895508,0.9690621495246887,0.6791248917579651
0.26323938369750977,0.9298725128173828,0.9707277417182922,0.6800364851951599
0.2622966170310974,0.9335154891014099,0.95699542760849,0.6855059266090393
0.26119017601013184,0.9332877993583679,0.9604060649871826,0.6818596124649048
0.2614143490791321,0.9330601096153259,0.9608402252197266,0.688240647315979
0.26043280959129333,0.9353369474411011,0.9653090834617615,0.6836827993392944
0.26040908694267273,0.931921660900116,0.965398371219635,0.6836827993392944
0.25942516326904297,0.931921660900116,0.9594067931175232,0.6773017048835754
0.2590528130531311,0.9330601096153259,0.9569809436798096,0.6891522407531738
0.25726518034935,0.9346539378166199,0.965186357498169,0.6864175200462341
0.25780364871025085,0.9339708685874939,0.9578695893287659,0.6818596124649048
0.2572218179702759,0.9353369474411011,0.9619548916816711,0.6864175200462341
0.2560162842273712,0.936475396156311,0.9649150967597961,0.6836827993392944
0.25559043884277344,0.9357923269271851,0.9613197445869446,0.6864175200462341
0.2542904317378998,0.936247706413269,0.9539757370948792,0.6845943331718445
0.25429368019104004,0.938296914100647,0.9584415555000305,0.6864175200462341
0.25325584411621094,0.9355646371841431,0.9607836008071899,0.6845943331718445
0.25304898619651794,0.937386155128479,0.9613937139511108,0.6827712059020996
0.2530287206172943,0.9353369474411011,0.9566783905029297,0.6873290538787842
0.2518702447414398,0.936475396156311,0.9569752812385559,0.6891522407531738
0.2506777346134186,0.937841534614563,0.9580883979797363,0.6800364851951599
0.25078582763671875,0.937386155128479,0.9573114514350891,0.6855059266090393
0.2500348389148712,0.936020016670227,0.9605918526649475,0.6836827993392944
0.24960894882678986,0.937386155128479,0.9642884731292725,0.6827712059020996
0.2488742619752884,0.938752293586731,0.9680341482162476,0.6791248917579651
0.24867604672908783,0.937386155128479,0.9669017791748047,0.6800364851951599
0.24765914678573608,0.9396630525588989,0.9586941599845886,0.6800364851951599
0.2462838590145111,0.9396630525588989,0.9618844389915466,0.6855059266090393
0.24665963649749756,0.9398906826972961,0.9638725519180298,0.6818596124649048
0.2455875128507614,0.9408014416694641,0.9624375104904175,0.688240647315979
0.24545226991176605,0.938296914100647,0.9630283713340759,0.68094801902771
0.2449488341808319,0.9401183724403381,0.9657182693481445,0.688240647315979
0.24366673827171326,0.9410291314125061,0.9618891477584839,0.6800364851951599
0.24409551918506622,0.9408014416694641,0.9648945927619934,0.6836827993392944
0.2425258308649063,0.9412568211555481,0.9563772678375244,0.6900638341903687
0.24181361496448517,0.9401183724403381,0.9649683833122253,0.6864175200462341
0.24191200733184814,0.9398906826972961,0.9587380290031433,0.688240647315979
0.24094420671463013,0.9414845108985901,0.9613919258117676,0.6827712059020996
0.2407444715499878,0.9392076730728149,0.9580715894699097,0.6900638341903687
0.23926134407520294,0.9396630525588989,0.9640343189239502,0.68094801902771
0.23979733884334564,0.9410291314125061,0.958532452583313,0.6864175200462341
0.2386673092842102,0.9405737519264221,0.9594038724899292,0.6891522407531738
0.2378929704427719,0.943078339099884,0.9617630839347839,0.68094801902771
0.2380964756011963,0.9408014416694641,0.9653704166412354,0.6864175200462341
0.23710234463214874,0.9421675801277161,0.9643868207931519,0.6900638341903687
0.23703430593013763,0.9423952698707581,0.9623062014579773,0.6845943331718445
0.23676474392414093,0.9412568211555481,0.9575958847999573,0.6855059266090393
0.23508651554584503,0.943989098072052,0.9604914784431458,0.6900638341903687
0.23478977382183075,0.943306028842926,0.9595839381217957,0.688240647315979
0.23364096879959106,0.94376140832901,0.9798478484153748,0.6754785776138306
0.23325924575328827,0.9455828666687012,0.9619956016540527,0.6845943331718445
0.23345093429088593,0.9448997974395752,0.9631363153457642,0.6864175200462341
0.23274940252304077,0.943533718585968,0.9640294313430786,0.688240647315979
0.23140089213848114,0.94376140832901,0.9629454016685486,0.688240647315979
0.23060202598571777,0.94376140832901,0.966060996055603,0.6864175200462341
0.23088976740837097,0.9442167282104492,0.9649952054023743,0.688240647315979
0.2302982360124588,0.943989098072052,0.9653135538101196,0.6827712059020996
0.22876358032226562,0.9458105564117432,0.9625971913337708,0.6909753680229187
0.2296815812587738,0.9446721076965332,0.9630498886108398,0.6864175200462341
0.22733786702156067,0.9458105564117432,0.9619731307029724,0.6927985548973083
0.22797469794750214,0.9446721076965332,0.9623955488204956,0.6873290538787842
0.2271227091550827,0.9460382461547852,0.9664105176925659,0.6864175200462341
0.22566767036914825,0.9478597640991211,0.958929717540741,0.6873290538787842
0.2260865569114685,0.9471766948699951,0.9729455709457397,0.6818596124649048
0.22568519413471222,0.9458105564117432,0.9643328785896301,0.68094801902771
0.2251928150653839,0.9476320743560791,0.9612357020378113,0.688240647315979
0.22413410246372223,0.9462659358978271,0.9691857695579529,0.6836827993392944
0.22407418489456177,0.9474043846130371,0.9700745344161987,0.6891522407531738
0.22351741790771484,0.9476320743560791,0.9683007597923279,0.6864175200462341
0.22298474609851837,0.9494535326957703,0.9694004058837891,0.6855059266090393
0.22171854972839355,0.9510473608970642,0.9691302180290222,0.6909753680229187
0.220816969871521,0.9485428333282471,0.9666922688484192,0.6864175200462341
0.22102504968643188,0.9467213153839111,0.9616687893867493,0.6855059266090393
0.22060398757457733,0.9480874538421631,0.9680866599082947,0.6891522407531738
0.2206551730632782,0.9467213153839111,0.9669508934020996,0.688240647315979
0.21911165118217468,0.9487704634666443,0.9733561873435974,0.6845943331718445
0.21985945105552673,0.9476320743560791,0.9652183055877686,0.6864175200462341
0.21799211204051971,0.9501366019248962,0.966128408908844,0.6873290538787842
0.2181762158870697,0.9505919814109802,0.9694569110870361,0.6900638341903687
0.21741947531700134,0.9494535326957703,0.9659615159034729,0.6855059266090393
0.2171442210674286,0.9476320743560791,0.9709983468055725,0.6864175200462341
0.21644949913024902,0.9508196711540222,0.9661001563072205,0.6864175200462341
0.2165447622537613,0.9499089121818542,0.97309410572052,0.6836827993392944
0.21502536535263062,0.9494535326957703,0.9621977210044861,0.6873290538787842
0.21433137357234955,0.9510473608970642,0.9736011028289795,0.6864175200462341
0.21410062909126282,0.9487704634666443,0.9669054746627808,0.6918869614601135
0.21354514360427856,0.9503642916679382,0.9711554646492004,0.68094801902771
0.2130894660949707,0.9496812224388123,0.9662233591079712,0.6891522407531738
0.2133467048406601,0.9521858096122742,0.9646826386451721,0.6918869614601135
0.21184243261814117,0.9530965685844421,0.9641452431678772,0.6891522407531738
0.21159031987190247,0.9515027403831482,0.9611337780952454,0.6845943331718445
0.2108260691165924,0.9528688788414001,0.9745412468910217,0.6891522407531738
0.20916785299777985,0.9515027403831482,0.964339554309845,0.6927985548973083
0.20997464656829834,0.9524134993553162,0.9648023843765259,0.6873290538787842
0.20926626026630402,0.9553734064102173,0.9654446244239807,0.6891522407531738
0.20897313952445984,0.9546903371810913,0.9668035507202148,0.6927985548973083
0.2081674337387085,0.9515027403831482,0.9668915867805481,0.6891522407531738
0.20800745487213135,0.9528688788414001,0.9777002930641174,0.6800364851951599
0.20750649273395538,0.9537795782089233,0.972653329372406,0.6864175200462341
0.20689338445663452,0.9533241987228394,0.9702361822128296,0.6900638341903687
0.20638178288936615,0.9530965685844421,0.9697727560997009,0.6873290538787842
0.20548880100250244,0.9549180269241333,0.9640047550201416,0.688240647315979
0.2048252373933792,0.9535518884658813,0.9684131741523743,0.6918869614601135
0.2047288417816162,0.9524134993553162,0.971345067024231,0.6864175200462341
0.20433558523654938,0.9549180269241333,0.9701027870178223,0.6873290538787842
0.203313946723938,0.9546903371810913,0.9689971208572388,0.6891522407531738
0.20314402878284454,0.9553734064102173,0.9704252481460571,0.6909753680229187
0.20259058475494385,0.9519581198692322,0.9801112413406372,0.6855059266090393
0.2023957222700119,0.9551457166671753,0.9667564630508423,0.6909753680229187
0.20197106897830963,0.9558287858963013,0.9780640602111816,0.6873290538787842
0.20076927542686462,0.9542349576950073,0.9742727875709534,0.6900638341903687
0.20036818087100983,0.9560564756393433,0.972271203994751,0.6864175200462341
0.20047825574874878,0.9560564756393433,0.9709504842758179,0.688240647315979
0.1994071751832962,0.9551457166671753,0.9688058495521545,0.6909753680229187
0.19819775223731995,0.9581056237220764,0.9720078706741333,0.6937100887298584
0.19923828542232513,0.9549180269241333,0.9771556854248047,0.6873290538787842
0.19828665256500244,0.9569672346115112,0.9765675067901611,0.6827712059020996
0.197273388504982,0.9551457166671753,0.9772534370422363,0.6827712059020996
0.1961647868156433,0.9574226140975952,0.9748618602752686,0.6855059266090393
0.19658008217811584,0.9556010961532593,0.9788429737091064,0.6836827993392944
0.19551710784435272,0.9576502442359924,0.9764893651008606,0.6873290538787842
0.19548305869102478,0.9565118551254272,0.9749670028686523,0.6873290538787842
0.1948963850736618,0.9569672346115112,0.9771777391433716,0.688240647315979
0.19429755210876465,0.9574226140975952,0.9745790958404541,0.6918869614601135
0.19346071779727936,0.9576502442359924,0.9787802696228027,0.6900638341903687
0.19279427826404572,0.9606102108955383,0.9701833724975586,0.6918869614601135
0.19315803050994873,0.9583333134651184,0.9735908508300781,0.6900638341903687
0.19270099699497223,0.9581056237220764,0.9684126377105713,0.6927985548973083
0.19199328124523163,0.9569672346115112,0.9757069945335388,0.6864175200462341
0.19161278009414673,0.9578779339790344,0.9674398303031921,0.6909753680229187
0.19144779443740845,0.9587886929512024,0.9705497026443481,0.6873290538787842
0.1897691935300827,0.9599271416664124,0.9798560738563538,0.6873290538787842
0.18997500836849213,0.9590163826942444,0.9748640656471252,0.6937100887298584
0.19029492139816284,0.9590163826942444,0.9731021523475647,0.6864175200462341
0.189373180270195,0.9583333134651184,0.9697793126106262,0.6927985548973083
0.18811863660812378,0.9592440724372864,0.9741109609603882,0.688240647315979
0.18803580105304718,0.9587886929512024,0.973609209060669,0.6900638341903687
0.18762637674808502,0.9596994519233704,0.979126513004303,0.6873290538787842
0.1866762787103653,0.9594717621803284,0.9772339463233948,0.6845943331718445
0.18677504360675812,0.9606102108955383,0.9698763489723206,0.6909753680229187
0.1860508769750595,0.9574226140975952,0.9734968543052673,0.688240647315979
0.1852595955133438,0.9612932801246643,0.9737182855606079,0.6909753680229187
0.18515846133232117,0.9601548314094543,0.9729129672050476,0.6918869614601135
0.18491961061954498,0.9592440724372864,0.9802142381668091,0.6782132983207703
0.18371613323688507,0.9610655903816223,0.9756539463996887,0.6891522407531738
0.184058278799057,0.9615209698677063,0.9752514362335205,0.6891522407531738
0.18308807909488678,0.9617486596107483,0.9811127185821533,0.6900638341903687
0.1829349398612976,0.9606102108955383,0.9771242141723633,0.6873290538787842
0.18258343636989594,0.9610655903816223,0.9743161797523499,0.6873290538787842
0.18168063461780548,0.9617486596107483,0.9735581278800964,0.688240647315979
0.1810111254453659,0.9626593589782715,0.9795458316802979,0.6873290538787842
0.1800747513771057,0.9622039794921875,0.9814278483390808,0.6909753680229187
0.1801578849554062,0.9622039794921875,0.9755200743675232,0.6900638341903687
0.17939436435699463,0.9626593589782715,0.9745985865592957,0.6900638341903687
0.17892886698246002,0.9622039794921875,0.9799607992172241,0.6845943331718445
0.17876604199409485,0.9622039794921875,0.9778369665145874,0.688240647315979
0.1788112372159958,0.9619763493537903,0.9834912419319153,0.688240647315979
0.1777157038450241,0.9626593589782715,0.9799094796180725,0.6891522407531738
0.17695637047290802,0.9640254974365234,0.9761461019515991,0.6891522407531738
0.17676761746406555,0.9624316692352295,0.9732068181037903,0.6891522407531738
0.17638061940670013,0.9608379006385803,0.9751569628715515,0.6900638341903687
0.17579393088817596,0.9622039794921875,0.9790521860122681,0.6900638341903687
0.174726203083992,0.9647085666656494,0.9828027486801147,0.6845943331718445
0.17562755942344666,0.9644808769226074,0.9814735651016235,0.6855059266090393
0.1748303771018982,0.9624316692352295,0.9802502989768982,0.688240647315979
0.1738463193178177,0.9647085666656494,0.9793738126754761,0.6918869614601135
0.17361603677272797,0.9647085666656494,0.9822946786880493,0.6891522407531738
0.17302177846431732,0.9628870487213135,0.9829369783401489,0.688240647315979
0.17305661737918854,0.9640254974365234,0.9770119190216064,0.6891522407531738
0.1726512461900711,0.9633424282073975,0.9838597774505615,0.6891522407531738
0.17201241850852966,0.9637978076934814,0.9836143255233765,0.688240647315979
0.17097021639347076,0.9649362564086914,0.9898324608802795,0.6900638341903687
0.17094182968139648,0.9665300250053406,0.9753614068031311,0.6918869614601135
0.1710386872291565,0.9660747051239014,0.9878045320510864,0.6891522407531738
0.17007319629192352,0.9651639461517334,0.9802751541137695,0.688240647315979
0.16965758800506592,0.9644808769226074,0.98939448595047,0.68094801902771
0.16898860037326813,0.9653916358947754,0.9843507409095764,0.6900638341903687
0.1686001867055893,0.9653916358947754,0.9836717247962952,0.6918869614601135
0.16833309829235077,0.9651639461517334,0.9837421774864197,0.6864175200462341
0.16791528463363647,0.9640254974365234,0.988292396068573,0.6845943331718445
0.16762861609458923,0.9656193256378174,0.9817385077476501,0.6891522407531738
0.16620613634586334,0.9672130942344666,0.9877738356590271,0.6855059266090393
0.16691455245018005,0.9678961634635925,0.9772763252258301,0.6964448690414429
0.16548068821430206,0.9663023948669434,0.9925824403762817,0.6845943331718445
0.1659160703420639,0.9667577147483826,0.9830526113510132,0.6927985548973083
0.1648319512605667,0.9658470153808594,0.9816134572029114,0.6918869614601135
0.1632051169872284,0.9676684737205505,0.9841250777244568,0.6937100887298584
0.16418080031871796,0.9663023948669434,0.9807115793228149,0.6891522407531738
0.16421930491924286,0.9674407839775085,0.9827587008476257,0.6909753680229187
0.1632552146911621,0.9658470153808594,0.987789511680603,0.6873290538787842
0.1631571352481842,0.9692623019218445,0.9923864603042603,0.6873290538787842
0.16251398622989655,0.9690346121788025,0.9815235137939453,0.6918869614601135
0.16241061687469482,0.9676684737205505,0.9841940402984619,0.6891522407531738
0.16215834021568298,0.9674407839775085,0.9871668219566345,0.6845943331718445
0.16069911420345306,0.9681238532066345,0.9842472672462463,0.6909753680229187
0.1606748402118683,0.9685792326927185,0.9829599857330322,0.6946216821670532
0.16101261973381042,0.9683515429496765,0.9840339422225952,0.6937100887298584
0.15947255492210388,0.9685792326927185,0.9822322726249695,0.6900638341903687
0.15930339694023132,0.9690346121788025,0.9823296070098877,0.6918869614601135
0.15905159711837769,0.9694899916648865,0.9880036115646362,0.6891522407531738
0.15793463587760925,0.9699453711509705,0.9923071265220642,0.688240647315979
0.1579204648733139,0.9688069224357605,0.9874323010444641,0.6909753680229187
0.1581343561410904,0.9694899916648865,0.9870730042457581,0.6900638341903687
0.1571384072303772,0.9667577147483826,0.9916189908981323,0.6891522407531738
0.15693388879299164,0.9699453711509705,0.9849631786346436,0.6918869614601135
0.15593881905078888,0.9690346121788025,0.9824239611625671,0.6918869614601135
0.15593662858009338,0.9701730608940125,0.9887262582778931,0.6900638341903687
0.15555813908576965,0.9704007506370544,0.9887897968292236,0.6900638341903687
0.15473103523254395,0.9701730608940125,0.9878716468811035,0.688240647315979
0.15426447987556458,0.9710837602615356,0.9904738664627075,0.6891522407531738
0.15437011420726776,0.9706284403800964,0.9875460267066956,0.6918869614601135
0.15430769324302673,0.9708561301231384,0.9894847869873047,0.688240647315979
0.15379667282104492,0.9697176814079285,0.9858335256576538,0.6909753680229187
0.15258382260799408,0.9699453711509705,0.9953734278678894,0.6864175200462341
0.15192966163158417,0.9708561301231384,0.9930540919303894,0.6900638341903687
0.15171240270137787,0.9701730608940125,0.9904590249061584,0.6909753680229187
0.151971235871315,0.9722222089767456,0.9890073537826538,0.6909753680229187
0.1513209193944931,0.9717668294906616,1.0006186962127686,0.6909753680229187
0.15066084265708923,0.9713114500045776,0.9886177778244019,0.6909753680229187
0.15045049786567688,0.9701730608940125,0.9950820207595825,0.6909753680229187
0.14984863996505737,0.9708561301231384,0.988116443157196,0.6927985548973083
0.14951162040233612,0.9713114500045776,0.9924032688140869,0.6918869614601135
0.14855198562145233,0.9722222089767456,0.997299075126648,0.6864175200462341
0.14900216460227966,0.9706284403800964,0.9915186166763306,0.6946216821670532
0.14820945262908936,0.9722222089767456,0.9888426661491394,0.6918869614601135
0.14745670557022095,0.9731329679489136,0.9919624924659729,0.6891522407531738
0.14785408973693848,0.9722222089767456,0.9889495968818665,0.6909753680229187
0.14659392833709717,0.9738160371780396,0.9947856664657593,0.6891522407531738
0.14699044823646545,0.9733606576919556,0.996667742729187,0.688240647315979
0.14598673582077026,0.9735883474349976,0.9964364767074585,0.688240647315979
0.14616923034191132,0.9735883474349976,1.0046380758285522,0.6891522407531738
0.14552730321884155,0.9738160371780396,1.001193642616272,0.6864175200462341
0.14544948935508728,0.9729052782058716,0.9921355247497559,0.6946216821670532
0.14436060190200806,0.9731329679489136,0.9981096386909485,0.6909753680229187
0.14420315623283386,0.9733606576919556,1.003784418106079,0.6845943331718445
0.1441284865140915,0.9735883474349976,0.9956651329994202,0.6900638341903687
0.14336110651493073,0.9729052782058716,0.9965282678604126,0.6845943331718445
0.1429615020751953,0.9754098653793335,0.9991155862808228,0.6891522407531738
0.14275090396404266,0.9747267961502075,0.996881365776062,0.688240647315979
0.14243927597999573,0.9738160371780396,0.9939447641372681,0.6891522407531738
0.14252257347106934,0.9738160371780396,0.9997841119766235,0.6891522407531738
0.14136995375156403,0.9747267961502075,0.998566210269928,0.6900638341903687
0.1417573243379593,0.9740437269210815,0.9973732233047485,0.6909753680229187
0.13997219502925873,0.9760928750038147,1.003836989402771,0.6873290538787842
0.1405397206544876,0.9740437269210815,0.9966021776199341,0.6937100887298584
0.13995347917079926,0.9742714166641235,0.9984235167503357,0.6873290538787842
0.1394132673740387,0.9756374955177307,0.9997763633728027,0.6909753680229187
0.13891322910785675,0.9742714166641235,1.0023140907287598,0.688240647315979
0.1382133811712265,0.9754098653793335,0.9988033175468445,0.6918869614601135
0.138173907995224,0.9756374955177307,1.0000455379486084,0.6918869614601135
0.13784050941467285,0.9740437269210815,1.0018670558929443,0.6937100887298584
0.13766445219516754,0.9760928750038147,0.9950475096702576,0.6946216821670532
0.13666945695877075,0.9767759442329407,1.0095444917678833,0.6873290538787842
0.13671453297138214,0.9763205647468567,1.0028969049453735,0.6900638341903687
0.1357458233833313,0.9760928750038147,1.0078505277633667,0.6918869614601135
0.13621346652507782,0.9760928750038147,1.0013296604156494,0.6891522407531738
0.1358373612165451,0.9747267961502075,1.0043672323226929,0.6873290538787842
0.13572825491428375,0.9758651852607727,1.0050036907196045,0.6909753680229187
0.13463722169399261,0.9772313237190247,1.0081217288970947,0.688240647315979
0.13371506333351135,0.9763205647468567,1.0056360960006714,0.6937100887298584
0.1341160535812378,0.9772313237190247,0.9982572793960571,0.695533275604248
0.13373801112174988,0.9770036339759827,1.0003550052642822,0.6946216821670532
0.13298986852169037,0.9767759442329407,1.0053013563156128,0.6927985548973083
0.13270512223243713,0.9760928750038147,1.0062586069107056,0.6891522407531738
0.13259108364582062,0.9781420826911926,1.0091129541397095,0.6873290538787842
0.13197197020053864,0.9772313237190247,1.0130852460861206,0.6864175200462341
0.13197827339172363,0.9767759442329407,1.0053483247756958,0.6918869614601135
0.13140036165714264,0.9760928750038147,1.007124423980713,0.6918869614601135
0.13125596940517426,0.9783697724342346,1.00374436378479,0.6946216821670532
0.13056163489818573,0.9781420826911926,1.0061060190200806,0.688240647315979
0.13025802373886108,0.9781420826911926,1.007773995399475,0.6900638341903687
0.1301984339952469,0.9774590134620667,1.0154260396957397,0.6900638341903687
0.12981294095516205,0.9776867032051086,1.0075151920318604,0.6873290538787842
0.12920311093330383,0.9781420826911926,1.0074667930603027,0.6909753680229187
0.1289590299129486,0.9779143929481506,1.003383755683899,0.6927985548973083
0.127658411860466,0.9783697724342346,1.0124887228012085,0.6873290538787842
0.1287429928779602,0.9763205647468567,1.0068355798721313,0.6900638341903687
0.12761081755161285,0.9788251519203186,1.0082091093063354,0.6900638341903687
0.12741217017173767,0.9795082211494446,1.0086688995361328,0.688240647315979
0.12705977261066437,0.9776867032051086,1.0080665349960327,0.6900638341903687
0.12663611769676208,0.9772313237190247,1.011129379272461,0.6937100887298584
0.12611357867717743,0.9801912307739258,1.0141323804855347,0.688240647315979
0.12543947994709015,0.9783697724342346,1.0078750848770142,0.6909753680229187
0.12578752636909485,0.9808743000030518,1.0139870643615723,0.688240647315979
0.12478330731391907,0.9808743000030518,1.0148028135299683,0.6873290538787842
0.12543262541294098,0.9776867032051086,1.0211843252182007,0.6818596124649048
0.12451320886611938,0.9779143929481506,1.0205645561218262,0.6873290538787842
0.12395845353603363,0.9795082211494446,1.0157498121261597,0.6891522407531738
0.12361548095941544,0.9799635410308838,1.0101059675216675,0.6891522407531738
0.1235271766781807,0.9781420826911926,1.008275032043457,0.6946216821670532
0.12303699553012848,0.9790528416633606,1.0101008415222168,0.6927985548973083
0.1224549263715744,0.9806466102600098,1.0214805603027344,0.6873290538787842
0.12239851802587509,0.9788251519203186,1.0170385837554932,0.6900638341903687
0.12176623195409775,0.9808743000030518,1.0181057453155518,0.688240647315979
0.1212027445435524,0.9808743000030518,1.0203980207443237,0.6864175200462341
0.12108912318944931,0.9804189205169678,1.0117107629776,0.6909753680229187
0.12080606818199158,0.9806466102600098,1.0151139497756958,0.688240647315979
0.1204671636223793,0.9797359108924866,1.0131430625915527,0.6891522407531738
0.11979156732559204,0.9792805314064026,1.0212836265563965,0.6927985548973083
0.12004439532756805,0.9811019897460938,1.0129584074020386,0.6891522407531738
0.1192634329199791,0.9801912307739258,1.0173314809799194,0.688240647315979
0.1189308911561966,0.9811019897460938,1.0155373811721802,0.6946216821670532
0.11856893450021744,0.9815573692321777,1.0165948867797852,0.6964448690414429
0.1187872514128685,0.9811019897460938,1.0220502614974976,0.6873290538787842
0.11739163100719452,0.9822404384613037,1.022834062576294,0.688240647315979
0.11780358850955963,0.9811019897460938,1.0206207036972046,0.6873290538787842
0.11720706522464752,0.9824681282043457,1.0181267261505127,0.6927985548973083
0.11699936538934708,0.9815573692321777,1.0210342407226562,0.6900638341903687
0.11700187623500824,0.9829235076904297,1.0227856636047363,0.688240647315979
0.1163182184100151,0.9815573692321777,1.01216721534729,0.6927985548973083
0.11539618670940399,0.9824681282043457,1.0241508483886719,0.6891522407531738
0.11566466093063354,0.9820127487182617,1.0176241397857666,0.6918869614601135
0.11518478393554688,0.9824681282043457,1.0213207006454468,0.6900638341903687
0.11458804458379745,0.9824681282043457,1.018876552581787,0.6891522407531738
0.11469673365354538,0.9824681282043457,1.0275063514709473,0.6927985548973083
0.11465412378311157,0.9820127487182617,1.0152596235275269,0.6964448690414429
0.11357767134904861,0.9829235076904297,1.0221946239471436,0.6927985548973083
0.11340510100126266,0.9833788871765137,1.0218405723571777,0.6964448690414429
0.11293666809797287,0.9817850589752197,1.0273077487945557,0.6873290538787842
0.11283750087022781,0.9822404384613037,1.0262041091918945,0.6927985548973083
0.1126658171415329,0.9831511974334717,1.0339025259017944,0.6855059266090393
0.1127733588218689,0.9831511974334717,1.0228606462478638,0.695533275604248
0.11178954690694809,0.9836065769195557,1.0288615226745605,0.6891522407531738
0.1113964393734932,0.9811019897460938,1.0248606204986572,0.6937100887298584
0.11127755045890808,0.9838342666625977,1.0289726257324219,0.6973564028739929
0.1109435111284256,0.9822404384613037,1.029493808746338,0.6909753680229187
0.11063729971647263,0.9829235076904297,1.0290719270706177,0.6891522407531738
0.1098499447107315,0.9833788871765137,1.0346031188964844,0.6864175200462341
0.10973499715328217,0.9833788871765137,1.0325355529785156,0.6891522407531738
0.10977373272180557,0.9829235076904297,1.0202356576919556,0.6982679963111877
0.10868655145168304,0.9836065769195557,1.0265247821807861,0.6900638341903687
0.1083044558763504,0.9840619564056396,1.0304490327835083,0.6891522407531738
0.10857421159744263,0.9820127487182617,1.0247576236724854,0.6918869614601135
0.107904814183712,0.9847449660301208,1.0379328727722168,0.6909753680229187
0.10740087926387787,0.9856557250022888,1.0421172380447388,0.6891522407531738
0.10766136646270752,0.9838342666625977,1.0272326469421387,0.6909753680229187
0.10733676701784134,0.9840619564056396,1.030251145362854,0.695533275604248
0.10670869052410126,0.9838342666625977,1.0319907665252686,0.6891522407531738
0.10651605576276779,0.9842896461486816,1.0345648527145386,0.6864175200462341
0.10655190795660019,0.9854280352592468,1.0290348529815674,0.695533275604248
0.10563008487224579,0.9854280352592468,1.026286005973816,0.6973564028739929
0.1056562066078186,0.9852003455162048,1.040597677230835,0.6864175200462341
0.10514417290687561,0.9852003455162048,1.0282559394836426,0.6946216821670532
0.10471034049987793,0.9854280352592468,1.0495226383209229,0.688240647315979
0.10458383709192276,0.9845172762870789,1.033313274383545,0.6964448690414429
0.10470854490995407,0.9847449660301208,1.0364044904708862,0.6891522407531738
0.1039971336722374,0.9849726557731628,1.035839557647705,0.6937100887298584
0.10371218621730804,0.9847449660301208,1.039002537727356,0.6864175200462341
0.10338661819696426,0.9842896461486816,1.033990740776062,0.6927985548973083
0.10300778597593307,0.9849726557731628,1.035191535949707,0.6891522407531738
0.10262178629636765,0.9854280352592468,1.0321002006530762,0.6937100887298584
0.10278782993555069,0.9854280352592468,1.0408375263214111,0.6900638341903687
0.10145679116249084,0.9858834147453308,1.0332107543945312,0.6900638341903687
0.10174091160297394,0.9861111044883728,1.0408916473388672,0.688240647315979
0.10160395503044128,0.9856557250022888,1.0279277563095093,0.6918869614601135
0.10118543356657028,0.9872495532035828,1.0373026132583618,0.695533275604248
0.10088250041007996,0.9865664839744568,1.0469255447387695,0.6927985548973083
0.10071252286434174,0.9867941737174988,1.0425454378128052,0.688240647315979
0.10031197220087051,0.9867941737174988,1.0477609634399414,0.6873290538787842
0.09994327276945114,0.9870218634605408,1.0462555885314941,0.6891522407531738
0.09964756667613983,0.9854280352592468,1.036588430404663,0.695533275604248
0.09923608601093292,0.9872495532035828,1.0392593145370483,0.6964448690414429
0.09911464899778366,0.9863387942314148,1.0393644571304321,0.688240647315979
0.09845547378063202,0.9865664839744568,1.0342669486999512,0.6927985548973083
0.09852313995361328,0.9861111044883728,1.045727252960205,0.6918869614601135
0.09825757890939713,0.9865664839744568,1.036942958831787,0.6937100887298584
0.09781514108181,0.9867941737174988,1.042814016342163,0.7010027170181274
0.09760104864835739,0.9872495532035828,1.044618844985962,0.6909753680229187
0.09694790095090866,0.9874772429466248,1.0467109680175781,0.6927985548973083
0.09715870022773743,0.9861111044883728,1.0389740467071533,0.6937100887298584
0.09669137001037598,0.9874772429466248,1.044970154762268,0.6918869614601135
0.09628619998693466,0.9881603121757507,1.0489978790283203,0.6918869614601135
0.09567420184612274,0.9879326224327087,1.0449914932250977,0.6909753680229187
0.0954083800315857,0.9872495532035828,1.041715383529663,0.6927985548973083
0.0953507274389267,0.9867941737174988,1.0415534973144531,0.6973564028739929
0.09511004388332367,0.9877049326896667,1.0414597988128662,0.6937100887298584
0.09465337544679642,0.9883880019187927,1.0459668636322021,0.6918869614601135
0.09479480981826782,0.9872495532035828,1.0441664457321167,0.6973564028739929
0.09382084757089615,0.9879326224327087,1.0552139282226562,0.6900638341903687
0.09422788769006729,0.9881603121757507,1.0428228378295898,0.6946216821670532
0.09374119341373444,0.9874772429466248,1.0424383878707886,0.6937100887298584
0.09313690662384033,0.9870218634605408,1.0507827997207642,0.6909753680229187
0.09279316663742065,0.9897540807723999,1.0524964332580566,0.6918869614601135
0.09249049425125122,0.9881603121757507,1.054777979850769,0.6909753680229187
0.0918879359960556,0.9877049326896667,1.0430399179458618,0.6909753680229187
0.0920189768075943,0.9874772429466248,1.0504530668258667,0.6927985548973083
0.09158573299646378,0.9881603121757507,1.053170919418335,0.6891522407531738
0.09125682711601257,0.9879326224327087,1.0560768842697144,0.6891522407531738
0.09110802412033081,0.9879326224327087,1.0510878562927246,0.6946216821670532
0.09109574556350708,0.9883880019187927,1.060693621635437,0.6946216821670532
0.09025094658136368,0.9892987012863159,1.0485447645187378,0.6937100887298584
0.09087006002664566,0.9890710115432739,1.048179268836975,0.6946216821670532
0.09039761871099472,0.9883880019187927,1.0512150526046753,0.6909753680229187
0.08968693763017654,0.9881603121757507,1.0559595823287964,0.6964448690414429
0.08933360874652863,0.9879326224327087,1.058435082435608,0.6891522407531738
0.08914767950773239,0.9881603121757507,1.0467560291290283,0.6909753680229187
0.08884382992982864,0.9895263910293579,1.0430256128311157,0.695533275604248
0.08851087838411331,0.9899817705154419,1.0578769445419312,0.6937100887298584
0.0885988101363182,0.9892987012863159,1.054004430770874,0.695533275604248
0.08782757073640823,0.9886156916618347,1.0633554458618164,0.6900638341903687
0.08752317726612091,0.9888433218002319,1.057221531867981,0.6946216821670532
0.08737148344516754,0.9895263910293579,1.0516350269317627,0.695533275604248
0.08708392083644867,0.9904371500015259,1.057220220565796,0.6937100887298584
0.08687710762023926,0.9881603121757507,1.0517137050628662,0.6946216821670532
0.08697356283664703,0.9881603121757507,1.0491527318954468,0.6900638341903687
0.08677349984645844,0.9902094602584839,1.0633412599563599,0.6918869614601135
0.08608722686767578,0.9888433218002319,1.068070650100708,0.688240647315979
0.08551161736249924,0.9897540807723999,1.0519757270812988,0.6982679963111877
0.08534817397594452,0.9888433218002319,1.0571860074996948,0.6918869614601135
0.08544797450304031,0.9899817705154419,1.0611270666122437,0.6918869614601135
0.08520399034023285,0.9888433218002319,1.0562803745269775,0.6946216821670532
0.08454629778862,0.9892987012863159,1.0573441982269287,0.6964448690414429
0.08435150235891342,0.9897540807723999,1.0644217729568481,0.6973564028739929
